Datetime,Water Level (m)
2025-04-13 18:00:00,0.7910172
2025-04-13 19:00:00,0.7559459
2025-04-13 20:00:00,0.4796369
2025-04-13 21:00:00,0.05582376
2025-04-13 22:00:00,-0.2888028
2025-04-13 23:00:00,-0.5100463
2025-04-14 00:00:00,-0.68270886
2025-04-14 01:00:00,-0.81331176
2025-04-14 02:00:00,-0.8965151
2025-04-14 03:00:00,-0.66395944
2025-04-14 04:00:00,-0.0055588195
2025-04-14 05:00:00,0.44655123
2025-04-14 06:00:00,0.7916651
2025-04-14 07:00:00,0.9057662
2025-04-14 08:00:00,0.7537253
2025-04-14 09:00:00,0.37671658
2025-04-14 10:00:00,-0.017754655
2025-04-14 11:00:00,-0.2824871
2025-04-14 12:00:00,-0.46943
2025-04-14 13:00:00,-0.62312454
2025-04-14 14:00:00,-0.72785705
2025-04-14 15:00:00,-0.6519306
2025-04-14 16:00:00,-0.058528844
2025-04-14 17:00:00,0.35477892
2025-04-14 18:00:00,0.64902174
2025-04-14 19:00:00,0.76307386
2025-04-14 20:00:00,0.5916881
2025-04-14 21:00:00,0.20659707
2025-04-14 22:00:00,-0.1866203
2025-04-14 23:00:00,-0.44708607
2025-04-15 00:00:00,-0.6314471
2025-04-15 01:00:00,-0.77287793
2025-04-15 02:00:00,-0.8783679
2025-04-15 03:00:00,-0.85132813
2025-04-15 04:00:00,-0.27300143
2025-04-15 05:00:00,0.24965478
2025-04-15 06:00:00,0.6308651
2025-04-15 07:00:00,0.8832461
2025-04-15 08:00:00,0.8654361
2025-04-15 09:00:00,0.59922224
2025-04-15 10:00:00,0.17690316
2025-04-15 11:00:00,-0.15543777
2025-04-15 12:00:00,-0.369077
2025-04-15 13:00:00,-0.52816325
2025-04-15 14:00:00,-0.6534826
2025-04-15 15:00:00,-0.69318247
2025-04-15 16:00:00,-0.30544394
2025-04-15 17:00:00,0.19302665
2025-04-15 18:00:00,0.5051692
2025-04-15 19:00:00,0.6999643
2025-04-15 20:00:00,0.64173037
2025-04-15 21:00:00,0.34320864
2025-04-15 22:00:00,-0.06879921
2025-04-15 23:00:00,-0.36500284
2025-04-16 00:00:00,-0.55912757
2025-04-16 01:00:00,-0.70799726
2025-04-16 02:00:00,-0.820352
2025-04-16 03:00:00,-0.8689339
2025-04-16 04:00:00,-0.51513404
2025-04-16 05:00:00,0.052022703
2025-04-16 06:00:00,0.4456358
2025-04-16 07:00:00,0.7658285
2025-04-16 08:00:00,0.86195236
2025-04-16 09:00:00,0.7193317
2025-04-16 10:00:00,0.38110715
2025-04-16 11:00:00,-0.00087260525
2025-04-16 12:00:00,-0.25925776
2025-04-16 13:00:00,-0.4339366
2025-04-16 14:00:00,-0.5681324
2025-04-16 15:00:00,-0.6520275
2025-04-16 16:00:00,-0.5165803
2025-04-16 17:00:00,0.0121559
2025-04-16 18:00:00,0.35347322
2025-04-16 19:00:00,0.5960105
2025-04-16 20:00:00,0.65362805
2025-04-16 21:00:00,0.47250265
2025-04-16 22:00:00,0.109343804
2025-04-16 23:00:00,-0.24664049
2025-04-17 00:00:00,-0.4801276
2025-04-17 01:00:00,-0.6400184
2025-04-17 02:00:00,-0.7557744
2025-04-17 03:00:00,-0.82474947
2025-04-17 04:00:00,-0.673759
2025-04-17 05:00:00,-0.120458156
2025-04-17 06:00:00,0.2884303
2025-04-17 07:00:00,0.596569
2025-04-17 08:00:00,0.7893981
2025-04-17 09:00:00,0.77551967
2025-04-17 10:00:00,0.5660938
2025-04-17 11:00:00,0.20646909
2025-04-17 12:00:00,-0.100110635
2025-04-17 13:00:00,-0.2919314
2025-04-17 14:00:00,-0.42787725
2025-04-17 15:00:00,-0.5221016
2025-04-17 16:00:00,-0.49203116
2025-04-17 17:00:00,-0.13808616
2025-04-17 18:00:00,0.20211788
2025-04-17 19:00:00,0.39021373
2025-04-17 20:00:00,0.4894483
2025-04-17 21:00:00,0.40114978
2025-04-17 22:00:00,0.13346256
2025-04-17 23:00:00,-0.18132757
2025-04-18 00:00:00,-0.39998025
2025-04-18 01:00:00,-0.557582
2025-04-18 02:00:00,-0.67632675
2025-04-18 03:00:00,-0.7375832
2025-04-18 04:00:00,-0.6893947
2025-04-18 05:00:00,-0.30835724
2025-04-18 06:00:00,0.1263594
2025-04-18 07:00:00,0.42207944
2025-04-18 08:00:00,0.6584345
2025-04-18 09:00:00,0.7494148
2025-04-18 10:00:00,0.6499253
2025-04-18 11:00:00,0.35721123
2025-04-18 12:00:00,0.010726137
2025-04-18 13:00:00,-0.21473983
2025-04-18 14:00:00,-0.3444811
2025-04-18 15:00:00,-0.42666894
2025-04-18 16:00:00,-0.45385063
2025-04-18 17:00:00,-0.31217366
2025-04-18 18:00:00,-0.0048481487
2025-04-18 19:00:00,0.22166084
2025-04-18 20:00:00,0.34105986
2025-04-18 21:00:00,0.40214756
2025-04-18 22:00:00,0.30643213
2025-04-18 23:00:00,0.06733523
2025-04-19 00:00:00,-0.20810823
2025-04-19 01:00:00,-0.42379922
2025-04-19 02:00:00,-0.5675152
2025-04-19 03:00:00,-0.65047693
2025-04-19 04:00:00,-0.6694479
2025-04-19 05:00:00,-0.522113
2025-04-19 06:00:00,-0.10069432
2025-04-19 07:00:00,0.22528446
2025-04-19 08:00:00,0.4637903
2025-04-19 09:00:00,0.61791027
2025-04-19 10:00:00,0.6317624
2025-04-19 11:00:00,0.51123625
2025-04-19 12:00:00,0.2631994
2025-04-19 13:00:00,-0.006063209
2025-04-19 14:00:00,-0.17751114
2025-04-19 15:00:00,-0.27609056
2025-04-19 16:00:00,-0.32897162
2025-04-19 17:00:00,-0.32041436
2025-04-19 18:00:00,-0.14001481
